,Month,Hour,return_BE_NL,return_AT_NL,return_DE_NL,return_FR_NL,return_CZ_NL,return_UK_NL,return_AT_BE,return_DE_BE,return_FR_BE,return_CZ_BE,return_UK_BE,return_DE_AT,return_FR_AT,return_CZ_AT,return_UK_AT,return_FR_DE,return_CZ_DE,return_UK_DE,return_CZ_FR,return_UK_FR,return_UK_CZ
0,1,1,0.6254594204140138,,-1.0,,0.6020663151444149,-0.6095033375887969,,-0.6181455280541054,-1.0,0.15766963492674094,0.21676256605699548,-1.0,-0.6773873170208852,1.0,,0.9159316653359733,0.022446026475924374,0.44755332486051325,0.32679117945637925,-0.568387863259101,-1.0
1,1,2,0.8419375335280874,1.0,-0.7017228148386001,-0.9999999999999999,0.1493559613408621,,0.4182452398747797,-0.4413562870944057,,0.5142898040174856,,0.12300383150353113,0.9894650082892712,0.2371202613837002,,-0.2792896048904434,-0.42270671925816417,,-0.7527209040820836,0.12700446286448025,-1.0
2,1,3,0.21096295090722944,-0.6250254687877238,-0.9519528488613469,-0.08915566938103452,-0.6779006962719892,,-0.4549283460102718,-0.10487810719406032,-0.7765157318004918,0.010861468428479164,,0.32446428014992884,0.641365758091272,0.16322747348034672,-1.0,0.21555692939328672,0.6179232542017754,-0.31552088148246415,0.46559181967526697,-0.9436652826907971,0.34930663275529966
3,1,4,-0.5584531875287345,,-0.7836552571833273,,-0.8683162338438409,,-0.9999999999999999,-0.30170413928291256,,-0.18045844095657945,,0.35406412778870555,0.8563076011048846,0.9416473766673268,,0.7752888443588278,0.6609067630877428,,-0.3916871994028426,,
4,1,5,0.3336153177225575,-1.0,1.0,,1.0000000000000002,,,-0.8050626602194608,,-0.5055663446178702,,0.6325769466155013,,0.8130059639515287,0.9984566232400366,0.6873371059057025,0.6756752625365939,1.0,1.0,,
5,1,6,,,,,,,,,,,,-0.3076472761775616,-0.8363789325772504,0.5567010974935228,-0.9414811234339427,0.3300581571071873,0.6256527509115962,0.8949860116938774,0.22573896734507812,0.9948075749580212,-0.5945779416098563
6,1,7,0.4087738094987987,1.0,-1.0,1.0,-0.9416772092940129,,-1.0,0.9751159296781052,0.3922491947604043,0.5040974415199931,,-0.2721406043789636,0.3185402675624731,0.32047169991609536,-0.5556030198522265,0.6734346996064932,0.6059194972388234,-0.10122116981691674,0.5462758549785717,0.7774834698792769,-0.9561672316502591
7,1,8,0.6228838187035399,0.9907227753815828,0.31227298358130884,,0.6859641233975214,,-0.16009792405794382,0.6413864831915069,1.0,0.7143569893714669,-1.0,-0.3432873946622876,0.8680880362447169,0.5158774788284907,,0.8140161399057411,0.6658651538717663,1.0,0.05151899326697634,,
8,1,9,0.28830734463408736,-1.0,-1.0,-1.0,0.030309288068518705,-1.0,-0.5126720858542702,-0.3400776589424148,-0.10563959777293132,0.6514902537031042,,0.08588113726109965,-1.0000000000000002,0.2559505097699892,,0.3278529205138901,0.5414328073583952,,0.2039956416517589,,
9,1,10,0.378793019812021,,,,1.0,1.0000000000000002,0.8467992100412708,0.2979270581734801,0.3672721980255117,0.48800049512863797,,0.7847398309458915,0.7199850159474328,0.7181490108587718,,0.8941820559379956,0.5049838941755711,,0.260337267924347,1.0,
10,1,11,-0.17403540075480017,-0.9999999999999999,-1.0,-1.0,1.0,,-1.0,0.9922685534445994,0.9999999999999999,-0.44239840439834344,,-0.7479923207952216,0.17866010676924507,-1.0,1.0000000000000002,-0.9999999999999999,-0.19855621876360488,,,,
11,1,12,0.5908244134811474,1.0,,,0.6714555132389924,,-1.0000000000000002,-0.8309229435772669,0.25829945545629884,0.46188951786524035,,0.6518424997685027,,-1.0,,-0.09283215315035688,0.13554424039106266,-0.05151750806471764,0.9490182115403772,,1.0000000000000002
12,1,13,0.6170136228985937,-0.838226836502334,0.9999999999999998,0.9999999999999998,0.9999999999999996,,-0.015322376182879497,0.4674047933520266,-0.3465313934756127,0.7089025254671406,-1.0,0.5601379385176055,0.7304821086881611,0.8835220583237537,0.9701482788827691,0.6659208771261289,0.9240895308880729,1.0,0.6806193674068547,-0.42856904313063976,0.31375358353870725
13,1,14,0.17292239038902668,,,,,,1.0,0.6598503288797579,-0.9999999999999999,0.8760737969794201,,-0.3149354734865278,-0.20427938342150745,-0.844074168321692,0.6465639903003976,0.8033733120886145,0.7367506935065505,-1.0,-0.9146004521366754,0.9974860408764424,-1.0
14,1,15,0.8255435689199188,,,,,,,,,,,-0.14113458993067202,1.0,,-1.0000000000000002,1.0,,-0.2953358299655562,,1.0,-1.0
15,1,16,0.9886030846778598,,,,0.8226056061745062,,-1.0000000000000002,0.784340881915285,-0.7670733798936714,0.5746314234034571,,0.2648952251600505,0.6785443432191691,0.5339180877552,-1.0,0.8694063437194928,-0.10186261509358459,,-0.6948304576575169,-0.608958088698286,0.9999999999999999
16,1,17,0.7970691431257907,1.0,-0.5617846956562629,,-0.5300714227778407,,0.5008471047121144,0.6935277419980467,1.0000000000000002,0.7956470050866261,,0.32394581130901146,,0.1722997872811212,,0.9613038600568314,0.28227474007462566,,0.4705412321064614,1.0,
17,1,18,0.6889226647582186,,,,1.0000000000000002,,1.0,,,1.0,,0.9478990464284931,-1.0,-1.0,,,0.5844129613188661,,0.6910168661943022,,
18,1,19,0.3916398728700092,,-1.0,,-0.582411232380616,,,0.9165587527126136,-1.0,0.8871514220572682,,0.8895464999181519,,-1.0,,-1.0,0.9683137763715151,,-0.055507720777438235,,
19,1,20,-0.029371366810002256,-0.7087587092282321,1.0,-0.7558053022971103,0.9741416870620574,-1.0000000000000002,0.7461959085434227,-0.7638334849390916,-0.2520506784263709,0.6706262811212134,0.9188791170522402,-0.45798643514657245,0.48056116888636613,-0.1231288456094167,0.9998926734658109,0.09447070230622369,0.8450838480927562,-0.8784415610478207,0.09661249807645503,0.721531129470343,0.9999999999999998
20,1,21,0.9947543396255273,,,,0.9753657107247196,,-0.6712692251701,0.5703791022827102,-0.2599040739279333,0.8083660138382189,0.4133247293553467,0.8457801992048259,0.004316654273681237,0.9181628611914929,-0.9295424015901292,0.4001367909036806,0.8286182661763224,1.0,-0.31745043590883604,0.9015278430389461,1.0
21,1,22,-0.11191057437755697,1.0,,,-1.0,,1.0,,,0.9005668151683616,,1.0,,0.03958167084782992,,-0.04752065589757173,0.5943849521483067,-0.21239184701555608,0.5613193461014649,0.5110590441729922,-0.323873069072092
22,1,23,-0.5895331076211141,1.0,,-1.0000000000000002,1.0,,0.34173156967360413,0.6996533777807648,0.4970845282450177,0.8251932770962942,,-0.37155904730950823,-0.5233933762863385,0.3748200490557196,,0.4383773824904855,0.8866891803792485,-0.5351205607006825,0.8365709498784323,-0.4043073088027859,
23,1,24,0.836936922966876,,0.9826798196914808,0.06415844167875763,0.9971663333694744,-0.9832756828266908,,0.9505153952742311,0.18462259482198318,0.9915525710527315,-0.958938642093552,0.41315372245385834,-1.0000000000000002,0.9826579032094067,0.537046617847555,0.11908659492210538,0.6425536974951088,0.01258151741347851,0.5863302513118156,-0.9730847079207431,-1.0
24,2,1,0.12432527971020634,,,,-1.0,,-0.5713361049944256,-0.3580646708502395,-0.34431106438414943,0.550067693725566,,0.33444290007102323,0.824006829549094,-0.4575859495064304,-1.0,0.852674250051084,0.627423924438601,-0.29969957424665544,0.7452639062412011,-0.9936744834773069,0.18069006310753719
25,2,2,0.5632171892260935,,,-0.6163017801370777,0.3314687047115135,,-1.0,0.8600611203058371,0.6301619861604886,0.7395207976198008,-1.0000000000000002,1.0,0.7819715271956433,,,1.0,0.36108564637074114,,0.9999999999999999,0.9995506102138122,
26,2,3,0.5901551396862452,,,,,,-1.0,-0.8006411140614155,,-0.406945990431515,,1.0,1.0,,,0.3278486156212815,0.9292949753726197,1.0,-1.0,0.9999999999999998,
27,2,4,1.0,,,,,,1.0,-0.7259830512072961,1.0,-0.4443929472941348,,0.976563354337134,,-1.0,,-0.9988088808578944,0.23233116788611888,,0.4249414861432345,,
28,2,5,-0.6203090820123436,0.9999999999999999,,,,,0.30868093657922935,-0.39892705141044843,,0.5660807847088761,,0.8685827538280616,0.14101736782844054,0.6911331299923333,,-0.017870505490696596,0.5924328885600959,0.35942641780023055,-1.0,-1.0,0.9928177378390052
29,2,6,0.88356845492117,-1.0,1.0,,0.6932904825255413,,0.023225362000071574,0.3050827026150846,0.05851233311672833,0.714325890825047,,-0.18068046018534398,0.6238819828059511,0.33210934396624275,,0.8656391596664751,0.7499976336595144,,0.13343187843500745,,
30,2,7,-0.5584194220017428,-0.38951908711184846,1.0000000000000002,1.0000000000000002,0.698360369283323,,0.48785948824942443,0.49083713598752227,-0.973811574801801,0.20191780904808262,0.9999999999999999,0.39209225518057444,-0.4546093784172369,0.8580068961596391,0.6445330833062817,0.14112553931241117,0.3790620336936385,0.8806537499564365,0.6166567321248416,0.8658631738754416,0.7867105619618276
31,2,8,0.3248093017435466,1.0,-0.37422482281501673,0.054580562629166815,0.02682031460938984,0.9999999999999999,0.31270851109413206,0.4699308083339731,-0.8890175890732702,0.5977168857298908,1.0,0.5624738317894393,1.0,0.6051221674205802,,0.6087276879969158,0.5883883542514325,1.0000000000000002,-1.0,,
32,2,9,0.7976259454893408,,-1.0,,-1.0,0.8974519063281854,1.0000000000000002,0.44897550000502534,,-0.2967509706092071,,0.642620203533026,0.9499734350644021,0.9999999999999998,,0.8528779546459674,0.8066625587448725,0.9999999999999999,,-1.0,
33,2,10,0.19634282177221626,,-1.0,,0.2435081547575122,1.0000000000000002,,-0.9562725307917422,,0.5233445399653296,-1.0,0.32111848262032516,0.9868298910778704,-1.0,-0.7963657524654658,0.6834060915844568,-0.20155709177667278,-0.518491743487012,1.0,-0.04487463446053511,-1.0
34,2,11,0.9944695604001296,,,,,,,,,1.0,-1.0,-0.49094806196278684,,-1.0000000000000002,,0.9116014963319653,0.8818960624915915,,0.7113391691830658,-0.20878996795271337,-0.7647416721155731
35,2,12,,,,,,-1.0,,1.0,,0.34897092602908397,-1.0,0.6043123238793336,,1.0,1.0,,0.9845869930677317,1.0,,,0.30181081422609074
36,2,13,0.7279429408986721,,-1.0,,-0.9922407735324185,,,-1.0000000000000002,,-0.9917761520730193,,0.5821490095839942,0.3455420146480087,0.8261818471637871,,1.0,-0.6086301966083322,,,,
37,2,14,0.8379217771570101,,1.0,1.0,0.9643928163233404,,-1.0,0.6494369099373053,0.5008901605774895,0.35252862677875274,,-0.34642617382221863,0.12141484230238885,0.04874851632583968,,0.6699760625291652,0.5375296079385541,-0.9999999999999987,0.6488279942895294,-1.0,
38,2,15,0.5625829099201967,,,,,,0.40604802708229215,0.36362652545890556,0.9001449316428599,0.36813338487254427,0.651072382226512,-0.336425392303745,0.30446700163397783,0.6520038418770411,-0.9999999999999999,0.9688509122515001,0.4434079259558248,0.22037788358223026,0.514745881090218,0.29108579040844246,0.4677368827097677
39,2,16,0.40051368056685266,-1.0,-1.0,,-0.9661085060032807,,,-1.0,,-0.9581483803848877,-1.0000000000000002,0.4571437373483148,,,,,0.8413321947838523,,,,
40,2,17,0.5086180610023612,,0.9440255184494847,0.9999999999999999,-0.021206933942884764,1.0,,0.9833943233037251,-1.0,0.6188607651572352,,,,1.0,,-1.0,0.8778035288901538,,-0.9999999999999999,,
41,2,18,0.07232997543564133,-0.11852553909228912,-0.8257218262516274,-0.7104976273238832,-0.6341387905833722,1.0,-0.5114033112241745,0.49703587707771224,-0.4678487642777216,0.6660998575573824,0.9999999999999999,0.224859639082614,-0.28115115337547175,0.1304302967567196,-0.23147057016240166,-0.24990486493073577,0.8262250746395585,0.9988833399957414,0.226174894279971,-0.06285800462941635,0.3352535323420813
42,2,19,-0.4776945380490812,,,,-0.2754890274865514,,1.0,-1.0,1.0,0.5222633214186703,,1.0,1.0,1.0,-0.9999999999999999,-0.2164944569103385,-0.5002970885152612,1.0,1.0,0.3689894624724911,
43,2,20,-0.16404395866650448,-1.0,0.9999999999999999,,0.9973009451359766,,-0.24250548287354087,0.8904023867346046,0.2786602926549899,0.5707801681649198,,0.44714008593366444,0.9781506191021205,1.0,,0.24296299315121528,0.7003023437806951,-1.0,0.28557970787273335,1.0,-1.0000000000000002
44,2,21,0.8876786993986279,-0.694192763602688,0.20055781904676975,,0.6012969064808966,,-0.21445712715009937,0.24971841044037454,-0.6435184565785059,0.8128722606488337,-1.0,0.11402562838741054,,-0.06715797743545432,-1.0,0.06024134419911375,0.4803550416842496,1.0,0.3049524564155768,1.0,1.0
45,2,22,0.6606274283287342,1.0,0.10553800971127701,,0.4187585082964641,,1.0,0.811233883131677,,0.7569765518553359,,0.4303783266257845,,1.0000000000000002,-1.0000000000000002,1.0,0.9330074776270809,-0.5816680881793953,,,-0.3878561772668636
46,2,23,-0.4078959091237557,,,,,,,,1.0,-1.0,,0.9910699104263272,,1.0,1.0000000000000002,1.0,0.6941307991508865,1.0,-1.0,,1.0
47,2,24,0.7656059333762488,,-1.0,,0.829141296890486,,0.6913708930267363,-0.776322186532394,,0.9033053650765486,1.0000000000000002,0.038913146457110345,-0.17043136894931665,-0.0065764449288531045,1.0,-0.05931058270899654,0.6786826110964891,0.9205640249390475,-1.0,-1.0,-0.9270314064922524
48,3,1,0.9578260789044811,-1.0,,-1.0,1.0,,,,,1.0,,1.0,-1.0,1.0,,-0.9999999999999998,1.0,,,,
49,3,2,0.8625259107140233,,,-1.0000000000000002,0.3186115621749368,,,,,0.5941403986069355,,-1.0,-1.0,,,0.5384554814576382,1.0,,,-0.7298000011433673,
50,3,3,0.5096458963467027,-0.9999999999999999,-0.8459582827108718,-0.8948755667284789,-0.05597331027219609,-1.0,0.6666579452128709,-0.5375152601181014,0.5337802084760666,0.575987284660071,-1.0,0.8123428089874801,-0.8604027697570431,0.906140314056183,-1.0,-0.10293047527428743,0.17784518637445423,1.0,0.3890752397805487,0.7213865066500333,1.0
51,3,4,0.22268248450493733,0.9999999999999999,,0.7971590763452964,-0.9986010794845572,,,-0.1494287408105472,-1.0000000000000002,0.18688822651963435,,0.9999999999999999,,0.9653529409162622,,0.8006682853951423,0.42594021672675025,,0.3139986983274299,0.7927649783899188,
52,3,5,0.6446514733286468,0.9790122462339238,-0.38811717894131564,0.3793047467048335,-0.5986186715263694,-1.0,0.9690447280359056,0.283651719844531,0.9374746014610266,0.6564975210136967,-1.0,0.5758390102946449,0.14474119565442162,-0.645837187881187,-1.0000000000000002,-0.11436121683571858,0.5920029065997066,,0.6033638172121256,-1.0000000000000002,
53,3,6,-0.19937526978227157,,0.8979483261593175,-1.0,-0.8321057702870605,,1.0,0.9668844879125451,-0.18057974962095363,0.715040911723456,,-0.24317980455288454,0.6667420910489493,0.4141260840870123,-0.9999999999999998,0.05254346877576152,0.5641338623658685,-0.9999999999999998,0.5865461011172184,-0.2907460573990034,-0.9999999999999998
54,3,7,0.29416924057768207,,0.9999999999999998,1.0,-0.029774519138462824,,1.0,0.9891927879200573,-0.8145465813510865,0.7163739441186232,,-0.021598126963835937,1.0,0.6267534020710602,,-0.12863147736667443,0.2975236788489854,,-0.5000440418336056,1.0,
55,3,8,0.4920764762816624,,,,0.9893876475278994,,-1.0,1.0,,0.9988710426854555,-1.0000000000000002,0.9467665779124349,1.0,0.8416824770359472,,,0.9470892494997667,,1.0000000000000002,,
56,3,9,0.22963405646453208,-1.0000000000000002,-0.7663897481244027,-0.9543455501621418,0.16949474856046032,0.3912880670636212,-1.0,0.15124334581547758,-0.6801485279202918,0.34861269256782584,0.6300074808684811,0.6250739359483248,,-0.711122044317103,,-0.9974749738650984,0.40235239850438786,,-0.992325294377347,-0.9997160417086334,
57,3,10,0.7789136154632306,0.34326809332577796,0.925413498382223,0.20955011710056293,-0.03322811583037669,0.3834677756690592,-0.6245758122296828,-0.02709659966024991,0.10144157858980622,0.3604910843766083,-0.01569719412725468,-0.15607389108569317,-0.280714822915357,0.24376721764269582,-0.23094085944333112,0.35338442184311947,0.1808737258679854,0.8644305202013297,0.28288419518207086,0.1626583749685899,0.5713779188584961
58,3,11,0.987284094656498,,,,0.5920756222376115,,1.0,0.7201092325492454,0.9999999999999998,0.7874964594044475,,0.9781810446416513,1.0,1.0,,0.028414026652384444,0.2392369810390658,1.0,0.9915566506674984,-1.0,
59,3,12,0.3223639475738704,-1.0000000000000002,-0.9983701407054311,-1.0,-0.5806959280625421,,-1.0,-0.9717524141125112,1.0000000000000002,0.5671697665322724,,0.5715667267970898,,0.9976350054445391,1.0,-0.3654232686641822,0.3086471398830826,,0.9937575278929194,,
60,3,13,0.513431910647145,,,,-1.0,,,,,1.0,,-0.5156326396321139,,,,,0.47068284518249737,-1.0,,,
61,3,14,0.9065664024540191,-1.0,0.7699750157455688,,0.8155305237821682,-1.0,-1.0000000000000002,0.41143776404890364,0.9998661904928036,0.7336968063654402,0.8642654480981226,-0.31395565289113125,0.9999999999999999,-0.23125523414794816,,0.6363292984999753,0.7355840067852238,0.637772560172391,-0.33763954506928123,0.08213502880037535,0.8317489442451292
62,3,15,0.45847761292608546,,-1.0,-0.7195529740326851,0.1475241004209926,,1.0000000000000002,-0.3189995961026987,0.06665057182018858,0.1368505166857844,1.0000000000000002,0.732125801441929,0.20881608030169438,0.4720097727161137,0.5072243439898889,0.21433091600742493,0.6737860866045091,0.9999398352162768,-0.638310133616145,0.05174127187641357,0.5877360972950565
63,3,16,0.7109435005815187,-1.0,1.0,1.0,0.9175521717382101,,-1.0,0.38320969816758393,1.0,0.7255249666860696,,-0.34504443861050493,-0.8695878804640204,0.4155150889682312,-0.24104438673380896,0.8921078296386691,0.47601740430008377,0.19904193290838512,0.7835739593648204,0.19651599851762516,0.40375158368023367
64,3,17,0.8602512486578253,-1.0,,,0.22818009237496548,,-0.1376690536746233,0.8848616287004539,1.0,0.7379357947836152,1.0,0.25832967330028533,0.9586696184129134,0.41665042273912023,-0.1326286749603339,-0.02209131509968671,0.9477269549469461,0.7604032336095089,0.025748253219274847,0.7526958463987736,-0.19272310019026695
65,3,18,0.2592633354114147,-0.8931594807071971,-0.80815695167783,-1.0000000000000002,0.6018708841336401,,0.6687329731288103,0.8845043641593385,0.994847771311348,0.8388438328706439,1.0000000000000002,0.2615687559418774,0.43051821805751417,0.28975606838112283,1.0,0.3223811467014925,0.8317531773166557,1.0,0.3926329780971716,1.0,1.0000000000000002
66,3,19,0.8107717561607112,,-1.0,,0.7442912439402433,,,-0.5886946485453771,-0.49740212658937843,0.5967294277635207,0.42501389138693346,-0.639418046168208,0.698584401563808,-0.9473548732657319,1.0,0.592284648907018,0.3350792889934825,-0.26467117747493957,0.167702178067532,-1.0000000000000002,-0.8034658259570953
67,3,20,0.9090575561658003,-1.0,1.0000000000000002,,-1.0,1.0,-0.9092732899150114,-0.9970569495958359,0.006929780909556998,-0.5056598065596699,-0.7450922976288495,-0.20146532154977326,0.06032380414236002,0.9715996329935898,,0.3425857054696326,-0.0027831271669914942,1.0,-0.028231518123126187,0.9324682817173389,-1.0
68,3,21,0.9999999999999998,-1.0,,,,,-0.8656581640602867,-0.6474208594455785,,-0.014561193931266118,-1.0,0.48568487589651305,0.5196448341855748,0.5223072402320295,-0.9999999999999999,0.5700316287097492,0.6688443071805896,1.0,0.289226257630645,,1.0
69,3,22,-0.7762120884075233,,1.0,,1.0000000000000002,,0.9516446293453822,0.7689168374575709,-1.0,0.4618019403134801,,0.6505257105494047,0.6423334559701442,0.6444872420807237,-0.08257089743043801,0.49594333356304543,0.5559675070473185,-0.9379860846098373,0.9518583591976622,0.6491955264940349,-1.0
70,3,23,0.3768610417644949,,,,1.0,,-1.0,0.16005127438617855,,0.2934638135052768,-0.10684755499132173,0.9283953878974023,0.4767892001740596,0.7492324105433179,1.0000000000000002,0.3048432482517834,0.5400856427722545,,0.5286923284860924,,1.0
71,3,24,0.594780296874233,,0.7062192015112825,1.0,-0.668104593939481,,-0.5015138172318727,-0.4813930493119691,0.8401968634959969,-0.12392706336948037,-1.0,0.6023825567311294,-0.683037170696578,0.9630893279485108,0.924846570558667,0.7969023494485631,0.629382845899786,-0.17923729746378642,0.7889286259939944,0.6795061836255502,
72,4,1,0.7910380366287381,-1.0,0.7739288187963395,-0.11737778906244964,0.1999918845744509,,-0.5727417504915607,0.3678367169667968,0.4988100925900097,0.4209311920578949,,0.005315235385428259,0.18942959757955277,-0.28358276635780183,,0.6411028230133206,0.8718187650002043,-1.0,0.49790768154050924,-1.0,
73,4,2,0.6530165132057943,,0.6709377484125675,,0.8868056942893218,,-0.3222445882830003,0.6829048106667621,-1.0,0.3141881926051152,,0.43490347327010204,1.0,0.3974747886506273,,0.9797681539728729,0.9392870681403204,,0.9050202006867158,,
74,4,3,0.270392746097992,-0.23317942909648734,0.2292998347857205,-0.6336402935980434,0.5359454787504079,,0.4033791645531489,0.5513931012073503,0.002383897537169931,0.5263837627101329,,-0.4247171092600405,0.3764227947505244,0.7465175779862722,,0.2878741887842664,0.8902333417697574,,0.20175643445046296,,
75,4,4,0.10919386422297038,,,-0.766555226174665,-0.2710543534157612,,0.7196483598853438,0.9677066578454077,0.40822030475289794,0.48498278174058024,0.9999999999999999,0.9694423862495845,-0.8749341226244768,0.058786401701231006,0.6796163467363449,-0.9501904633247207,-0.01538211256935258,0.49135625857769927,0.7783919699408305,-0.31982846142489185,0.22425576782664156
76,4,5,0.36253520028262265,,1.0,-1.0,0.736847121472072,,1.0,-0.7532147976552449,0.9795596456202526,0.7584503288188492,-0.9933489491399763,0.9577099083322321,1.0000000000000002,0.2711525526099242,,1.0,0.5395028385768122,1.0,0.8824374919423011,-0.10357359070506406,1.0
77,4,6,0.4637856877560891,-1.0,-0.9860660520751092,-0.8936204540421852,-0.6223331373205202,,0.8233186655904705,-0.3373016376212884,-0.5877324876512116,0.3535260092503451,-0.9999999999999998,0.05576545534345717,0.06056562876369607,0.28602647266781317,-0.6776288203090117,0.8632730051496404,0.3735889083775835,0.16374306263075716,0.011537572707444363,0.28424378592591065,-0.9967890424169155
78,4,7,0.18867787312522288,,-0.8756861026637439,,-0.1946438625305854,,,0.1651206235731568,-0.6245417536553312,0.4313059507911989,,,,,,0.5089316935854961,0.7483809813084374,,0.9841913023852713,-1.0000000000000002,
79,4,8,-0.28798467790679316,,,,1.0000000000000002,,-1.0000000000000002,-0.997750700083256,,0.32426609700175874,,0.47386135917575706,-1.0,0.6079435169664069,,0.9512378618566627,0.779304890841055,,0.9906646779346866,0.9341054654333829,
80,4,9,0.6592771903071178,0.9999999999999998,,,0.10115191308974918,,0.9598944623491821,-0.4326132690851,-1.0,0.8483315456780522,-0.7524762408471455,-1.0,,0.7497670851631476,,,0.5874440019725214,1.0,-1.0,0.9835356133506925,-0.6774565191869617
81,4,10,0.8929374523725682,,-1.0,-1.0,-1.0,,-1.0,-0.03438657158241375,0.4800192434287307,-0.015999999443262258,,-0.05371682188513649,-1.0,0.1891013635974381,,0.8083392522853244,0.2278732366204139,0.6354863542809759,0.22812329684580127,0.5331425471917465,
82,4,11,1.0,,-1.0,0.23339197512817964,1.0,1.0,,0.2240614253148733,0.45733393458650295,0.8879775268544662,-1.0,0.10056049520911806,-0.0036044649608094554,-0.4845414738691514,-0.08056398299478983,0.5560234693466665,0.5091020735297884,0.45444170906362724,0.572451693542855,0.535559874560981,0.9945905247615028
83,4,12,0.9128291306718144,,,1.0,-1.0,,,-0.25449879669270525,0.763282236879684,0.5182892093764577,-0.8711898142631898,0.7323458996309957,0.5768593534439453,1.0,-0.7079282807193863,0.43451194967653173,0.5779649332446762,-0.3367813673070225,0.5558748725471185,0.007877527293567112,-0.8604617643034107
84,4,13,0.99216828292475,,,,1.0,,0.2528640772338611,0.16792242326484227,0.9999999999999998,0.7663643765353233,1.0,0.9859962658834996,0.8583827781572789,0.6567973004324233,-0.05790087164626556,0.9999999999999998,0.5522994860963788,-1.0,1.0,-1.0,1.0
85,4,14,0.9999999999999998,,,,,-1.0,,0.9893299632914443,,0.9753529341633799,-1.0,-0.32013974802467965,-1.0,-0.13101362804950165,,0.2122371881066588,0.20099548910374493,-1.0000000000000058,0.5447121030911468,,
86,4,15,1.0,,,,,,,,-1.0,-1.0,-1.0,0.6645646725203852,-0.6501560659893124,0.08187605535699943,-0.602944635606765,0.012601848268928724,-0.6945605378626949,0.19705059996190258,0.7611944481688886,0.9773190318754386,1.0
87,4,16,0.9032369341512783,-0.47114419588692746,,,,,-0.34995595234142446,-0.6934177474288608,-0.9861388709496479,-0.3010915766588987,1.0,0.8459642171432086,0.9671534200141587,0.525290176649608,-0.6813666321768956,0.9201547334277633,0.8895411335367871,-0.20035927229578188,0.816565707918821,-0.5455395438147386,-0.9327176430039238
88,4,17,0.465455784663793,-0.5418879491049804,0.19940252976823183,,0.45736678235556283,,-0.6111078149908542,0.12009533827167676,,0.6890317400310377,1.0,0.46850375131799443,-0.0477509403462163,0.07712649832840687,1.0,-0.10477330140153158,0.3820761890087076,-0.8074519037685994,0.16404438569038357,0.0794723834838364,0.902863691853654
89,4,18,0.6690143155435051,1.0,-1.0,,0.07756791129833383,,-1.0,1.0,-1.0,0.9229127695285316,-1.0000000000000002,0.23468605841806536,-0.2839712711069995,-0.7813500581591882,-0.6747768013251417,0.517991561820362,0.8779501097035806,0.7920707350649688,0.8737622587296237,0.7326387801919648,1.0000000000000002
90,4,19,-1.0,,,,,,-1.0,-1.0,,-1.0000000000000002,,0.12127572195058885,1.0,0.6238499553790241,,-0.03727374422789343,0.6246347882304552,-0.23055900633118015,-0.33407250368141267,0.5044373646430742,-0.20292458347947556
91,4,20,0.9650929270407321,,,,1.0,,,,,1.0000000000000002,,-0.0936997713259894,,,,-0.20191790708822938,-0.10095301849100169,,0.2471591931830744,1.0000000000000002,
92,4,21,0.872197408850139,1.0000000000000002,0.9395528948994657,0.9813286876530224,0.9796240594734942,1.0,0.9991280991779343,0.9227678992817442,0.9084620930948027,0.982209634502005,0.8926102761706304,0.7896874944203333,0.9607168096300465,0.9596006393906403,0.9106540105270882,0.9830539758618121,0.975777039572579,-0.0909912784473227,0.9704190220481191,0.9153518787278863,0.7576123968452907
93,4,22,0.613041969186036,-1.0,-0.6553347485806988,0.7203752906012728,0.2283990881511353,0.738749023122205,-0.26826053473529227,-0.385851262472454,0.9871792796274139,0.6180414744479525,0.9947783312594416,0.8421757819921112,0.8970015084839539,0.2913692690296746,0.9612683304585437,-0.3355135706572623,0.7015977649607092,0.797185113101023,0.4790374342621874,0.5582338715937092,0.9578710648188365
94,4,23,0.5916951734588202,-1.0,-0.884482895629963,,0.36768663934205476,,-1.0,0.4418461111692421,0.011389030411524911,0.5142262526184412,1.0,-0.14368868869014154,1.0000000000000002,-0.9860746269532974,1.0,0.9828637179500442,0.8354600403811057,-0.8090783463748533,0.5663292649524877,-1.0,
95,4,24,0.7987631808110469,-1.0,-1.0,,-0.13567683464011812,,0.8996812941139659,0.5759632417548614,-0.2738355055087352,0.25223225689334267,1.0,0.49717815067206733,0.6459657603006954,0.17148366103273227,-0.3613572598043905,0.5290890844471852,0.7760853667553094,0.5945822493044653,0.5116765665188391,0.9202196324459965,-0.019594046410856276
96,5,1,0.7573900663051003,0.9999998833523155,0.3487222017986735,-0.7790967545152769,0.6336188928069951,-1.0,-0.3207425173673042,-0.30571300576737137,-0.1713069330400115,0.6827174939418421,-0.6823143954598474,-0.029551986115453316,0.7610610346103903,0.4549854177741496,0.9702277697581032,0.18766209277556595,0.6426138112286074,1.0,0.6642360311973134,0.9055156126646452,0.681031190724856
97,5,2,0.7116054225859605,-1.0,1.0000000000000002,,0.2820884929814565,,0.9999999999999999,0.9410443355781847,-1.0,0.6536592927389999,,0.5029576219622381,-0.9741303372392368,0.0940711556042644,-1.0,-0.5826131755522198,0.6459252630560565,-1.0,0.2273026716894102,0.7991576419594835,0.9441121147309508
98,5,3,0.26527297965833535,-1.0,,,0.3289298365523041,,-1.0,1.0,,0.735014468730432,,,0.9717576102609133,1.0,,1.0,0.6234395824466776,,,,
99,5,4,0.5784196537008179,-0.9999999999999998,-0.9505511950944407,0.7276242042079553,0.11611661404049904,,-0.8406715273693494,0.33242955178183387,0.8410366409936716,0.9089579396528648,,0.24132613701753328,0.7783165123990025,-0.8051097349759644,,0.05219773084188744,0.6968141041185294,,0.6375220963101369,,
100,5,5,0.31278052635879156,-0.7795643321226445,1.0,-1.0,0.735540642744392,,0.231474941503117,0.07131784923127205,0.35848665114317574,0.1824992613009773,0.6286101375471769,0.18695310392030162,-0.19024915032686116,-0.029536843767755887,,0.2761477663282737,0.2107833437221135,-1.0,-0.6759863038348597,0.9142004699098958,0.8656838930905884
101,5,6,0.5171000742020939,0.9773118532825416,1.0,-1.0,-0.2263411921048972,1.0,0.2999386485186737,0.9999999999999999,-0.9952831783674881,0.2546601402120775,1.0,0.4731652606168154,0.03500243286823662,0.6014652150507973,0.5745911026716028,0.6361065976845345,0.26443276341951344,-1.0000000000000002,0.145602395753345,-0.989942972665434,-0.19553802141217225
102,5,7,-0.027144082518731193,-0.09215821936574031,-1.0,-0.8451871967820133,-1.0,-1.0000000000000002,0.5205729157461,0.9878844298921741,-0.09864849027179089,0.4105734244698556,1.0,-0.10399448336637791,-0.020476578939244212,0.24622677346623006,0.9282864075483955,0.1363379013723031,0.5770236893510358,-0.15548747106133812,0.05948869626683991,0.398375068236994,-0.782305441959631
103,5,8,0.9995145553602837,1.0,0.9999999999999999,,1.0,,,-0.3240911972638263,0.9975243707331586,0.2073346517474055,,0.7203876547155139,0.2636485957762291,-0.3238288221325596,-0.5459497848953183,0.31662350828529806,0.36292845954115843,-0.358521289732265,0.06325640020412295,0.6244278350782605,-0.06773302338909087
104,5,9,0.6174841587527209,0.15573793411520914,-0.21804244874963732,-0.9611002910714019,0.00546000692587933,0.8291848587110426,0.3303133224938827,0.5611286928972486,-0.9612265873872902,0.29981114464980946,1.0,0.7674553400007768,0.999934968537187,0.4082858359990055,-0.07611926626562962,0.9036517396353547,-0.26717521442307757,1.0,1.0,,-0.9991587975720823
105,5,10,0.26791947441113817,1.0,-1.0,-0.8769801411990422,0.05856924245259211,0.7174291386648877,-1.0,0.07987833304233002,0.12209680583777022,0.8411719082346549,0.5046307343157495,0.702338500737735,0.6284246845288841,-0.05871142760552583,0.3292863763321637,-0.35960941267058083,0.08247018898326634,-0.8420924616563168,0.9895819508556293,0.7487543032098135,-0.6819716180812916
106,5,11,-0.6098464668682676,,,,-1.0,,-1.0,-0.9999999999999998,,0.1404012910807056,,1.0,-1.0,0.3533766320901688,,,0.6825340339504984,,,-1.0,
107,5,12,0.9217313996001597,0.1449935533279344,1.0,0.8322667208061421,0.2669370290769016,-1.0,0.4037196514364203,1.0000000000000002,0.4054824599974316,0.6123862307233738,-1.0,0.5222674170205439,,0.4258486057706053,-1.0,0.9299432052833515,0.123732311006738,1.0,-0.3688026772657415,0.8520178669778025,-0.6320375329938696
108,5,13,0.667064376909342,1.0,1.0,,0.7539174297733409,0.9999999999999999,,0.10381394997231427,1.0,0.43901488491319174,0.6371639570358069,0.07153166939446662,1.0,-0.9894354208877836,1.0,0.1944134364522538,-0.10966813835749306,0.6171934022099023,-0.7537526861943454,0.5725071392016589,0.9549481361456211
109,5,14,0.7610269899361453,0.42784806875266307,0.9999999999999998,0.5384391219377332,0.2619524596989006,0.5725028623600751,1.0,1.0,-1.0000000000000002,0.8886079345584912,-0.8526936733348105,1.0000000000000002,,1.0,1.0,-0.07364114889819887,-0.45459661860615586,-0.8459964361337445,0.9035633161937263,-0.3549563371083828,0.9764057496298295
110,5,15,0.04905241292241077,-0.9999999999999999,,,-1.0,,0.9999999999999999,1.0,-1.0,0.9798400538738065,,0.860616949683365,-0.989579797289174,0.20916703165604314,1.0,-0.6552077188004014,0.2554278929208245,,0.38184738818735087,,
111,5,16,-0.43982365079324376,1.0,1.0,1.0,-0.9060316544123345,,-0.13515668478042298,-0.9588096449909423,1.0000000000000002,0.507866897137128,,0.41102948497756464,0.5393605615965386,0.8583250020215664,,-0.15077582096870887,0.5805495499408874,0.9999999999999999,-0.09886890038288716,-0.9331263527949857,1.0
112,5,17,0.3164121313340428,,,-1.0,-1.0,,,,1.0000000000000002,1.0,,0.7687603208968039,-0.8714969054307125,,,0.9106386447803332,1.0,-1.0,,0.4276559306386201,
113,5,18,-0.737251012660689,,,,,,-0.7684109005558043,0.16377863500451684,-0.6976670870495202,0.6605195605622077,,0.28460276188812783,0.47142627707750046,-0.4314374047578979,0.9999999999999999,0.5134801677055676,0.21402747743659314,,-0.7014885277255738,-0.7115333939360442,1.0
114,5,19,0.7076373810083482,1.0,1.0,1.0,-0.43384006943337583,0.7480589986368443,0.39009505919704424,0.9191907418678581,-0.24985164340153165,0.676060833158304,0.8078778742756941,0.21903618081494397,0.6095153652242854,0.4643231325003635,-0.4386640440911735,0.6166103646409662,0.9988959843793533,-0.4377976092382557,0.5239370619775693,0.6297798776110007,-0.26147221110355956
115,5,20,0.33735004926369994,1.0,1.0,,-0.4850864576710622,1.0,1.0,0.9173660187983285,,0.5751048726738145,1.0,0.49674895280610476,1.0,0.16907674427429603,-0.9846271359161172,0.2241787283837365,0.2854845330740047,,1.0,-1.0,
116,5,21,0.6483690928675551,-0.959446196429446,,0.4642914443502999,0.5463068514849478,,-0.5625764860793285,1.0,0.11544725556464086,0.7612321683202518,,-0.010567359842301153,0.25333033337509114,0.4880956175552754,0.19410287901121992,0.6120301046791886,0.8169482688806077,0.9583377731014775,1.0,0.9568872039111386,-1.0
117,5,22,-0.0727090157212296,,0.9999999999999998,,0.9978466719916483,,0.9845792343616186,0.820517879484577,,0.9632398476844866,,0.8129470066872773,0.3081420691342018,0.6434227545257676,-0.9207069886642872,0.5142543707972361,0.7063114780738036,-0.600049297265441,0.2586138026912811,-0.196483175593369,-0.9818248758954727
118,5,23,-0.700686306444659,,,,,,1.0,-0.5599919505894316,-0.93360604074701,-0.2945492063512559,,0.25061790329522965,-0.2564017605265168,0.4315071019097853,-1.0,0.9294805810587081,0.7452831994709429,0.8947698225384437,0.6503421623354838,0.8277890512094606,0.27490470325145144
119,5,24,0.5883646892019418,,,0.6458114152180119,1.0,0.727936215330146,,-0.9903239423320381,0.9722799197794199,0.26464762241702217,-1.0,,,,,0.2164057820042028,0.2002900134936143,,0.9314727527146756,-0.11219987822331752,-1.0
120,6,1,0.13323515543073947,1.0,0.9544242930940945,1.0,0.9844634393998517,-1.0,0.7426202893065601,0.46909190302793924,0.7104660395456261,0.7779645095010781,-0.6883908844734067,0.5561406978142176,0.17566269211427116,0.784991733412088,-0.9226813013487072,0.6284680994213107,0.9168626441269743,-0.4788389980726276,0.7694222173299604,-0.3326315361525897,-0.7113040649353709
121,6,2,0.6585960760054396,,-0.3585288142637356,0.9098178988627499,0.3365130682409295,1.0,1.0000000000000002,0.01253928192969793,0.8057938373255219,0.5198384022541023,-0.9252493003451417,1.0000000000000002,0.9180171746787198,1.0,1.0,-0.21723258286924102,0.5661558365801125,-0.9115271471571434,0.26879887431599453,0.72303196855987,-0.8486528895808839
122,6,3,0.519916601937279,-1.0,1.0,1.0000000000000295,0.18292055923562622,1.0,1.0,0.9999999999999998,1.0000000000000295,0.28811256482101627,1.0,0.7671383511151024,0.693461229522506,-0.20384074029968227,-0.9999999999999998,0.6196351975404805,-0.07530717727510056,0.6376468186322312,0.9994658361718742,0.7309843323523193,0.030765252681423518
123,6,4,0.6081255435398171,,,,1.0,,-0.15664179608778675,0.5893998126324558,0.790101884576789,0.6591357419996845,,0.4549408451158072,-0.5700471620670755,-0.04738442517461367,,1.0,0.5052797126586803,,0.9054513272114157,,
124,6,5,0.17050923041509883,,-1.0,,-0.5819368279011159,,-0.7756519987993671,-0.010710720162053912,,0.32944860515608027,0.9166350769910767,-0.6368371135056585,-1.0,-0.3264105877536249,0.5322068269737583,0.9228057241603189,0.8900859695197119,-0.9581795573982268,0.7619790818036891,-0.7137477484374061,1.0
125,6,6,0.8907306233977874,,-1.0,1.0000000000000002,0.9132550224936434,,-0.8938009666520094,0.946601376662997,0.9899912932196032,0.5200016250218038,,-0.4741805504919269,0.8187647567210169,0.4252513698745547,,0.9679178680399624,0.9689666636089839,,0.9513924846920581,,
126,6,7,0.39418465606932357,1.0,-0.36004086917522854,0.6921602792070588,0.6333614209464485,,0.7965961485707861,-0.07793730603550351,0.8674094053070287,0.8389532003747244,,0.33213571089865124,0.9699915631417824,-0.03715730432874195,1.0,-0.07729843976114217,-0.14996041072887803,-1.0,-0.37907148380550243,,
127,6,8,0.5871678100475328,0.8989806363994283,-0.929922022890922,1.0,-0.588936490046447,-1.0,0.6844716592148149,0.5357743468271083,0.01052530677954032,0.8066812136617552,,0.29517507847607666,-0.6521272130116447,-0.1268721815543379,,0.3549711139788932,0.8260891406012527,0.6764743230832186,0.686431279756795,-1.0,
128,6,9,0.10559999449570732,-0.1384960415944374,-0.40997497807911887,-1.0000000000000002,-0.07266863699622135,0.5084882343077679,-0.36469954663720405,0.24613730744074658,0.4765648173929706,0.43197253988488055,-0.44215642860116056,-0.26481087542142395,0.5747398031509464,-0.7087147486504807,0.5017830834396475,-0.19005131157738633,0.7587432748872059,-0.7295147825668648,0.20915240267957827,-0.3298035477108437,-0.583159395500553
129,6,10,-0.22795482961113467,0.16114342326625128,-1.0,0.9467990657982654,1.0,1.0,-0.7117769427540787,-0.39481916678280093,0.017514781755411248,0.3087647817680782,-0.9999999999999999,-0.7436247653487525,0.7672932802464169,0.9787145385501754,,-0.21793128655675953,0.8318928227488201,1.0,0.8370525171303314,0.14723021372010173,
130,6,11,0.9471871400840031,1.0000000000000002,0.9704437676219494,,0.9785793835589368,1.0,-0.43175329341660174,0.5881858634255944,0.43448300488187797,0.9008802920406059,0.8206658123418494,0.7658241410041061,0.4300766726289253,0.6980499861310436,,0.7178691725092567,0.9173502781559476,,0.9791597794894437,-1.0,
131,6,12,0.8795677315716219,,0.7418046596422141,,0.7825783664306519,,-0.9487638113121729,0.3112368189507759,1.0,0.6885071426437338,,0.9736786963264387,0.8447450646886485,0.10401180606853688,,-0.22331281919631388,0.9051953211310659,-0.8426295456856068,0.5667350823245952,-0.48628863804216105,1.0
132,6,13,-0.30273444594700355,-1.0,1.0,-0.14967933471695777,0.7095484981501916,1.0,-1.0,-0.9115715255168267,0.24775915654397337,0.4710897983534716,0.8127184802696188,-0.014517933385877509,-0.6475931082746628,-1.0,-0.9999999999999999,0.14817424123605735,0.3106806435778433,0.7877358451916741,0.8470517952398735,0.2908497800800631,0.9999650517249029
133,6,14,0.5246074995409605,1.0,-1.0,,-1.0,,-1.0,1.0000000000000002,,1.0000000000000002,,0.17351385693045576,-1.0,0.230926896843136,,0.8776368165001046,0.988502418359038,,,-1.0,
134,6,15,0.29681775057377763,,0.9999999999999998,-1.0000000000000002,0.14993454679212004,1.0,,0.9387852819510253,,0.7573105697553201,,1.0000000000000002,1.0,1.0,,0.9999999999999999,0.6999704637705513,-0.9999999999999999,,-0.9999999999999999,
135,6,16,0.7555739548078022,1.0,1.0,0.12601475736663917,1.0,,1.0,1.0000000000000002,0.01430814453810986,-0.5561071181111075,,0.7128867055713636,0.9470044067153405,,1.0,0.6123157177435796,0.8085311156482334,,0.6923716786021631,-1.0,
136,6,17,0.2167371905783527,1.0,-1.0,,0.3581822708957867,-1.0,0.3893355712796346,-1.0,-1.0,0.3089199390273721,-1.0,0.8071377496613714,0.12813627829132518,0.8221094842978653,-0.17258841381482384,0.603290473775311,0.5512162851277058,,0.6408661996173116,0.9863354472918394,0.1370621266999424
137,6,18,0.5315505057340012,-0.9749991074883522,-1.0,1.0,0.19869151689486622,-1.0000000000000002,-0.8043870162625962,-0.9782845480485032,0.022774809863806162,0.613038071301984,-1.0,0.2971322430458653,-0.119052578959313,-0.0814476373343215,-1.0,0.795157710434102,0.24827654744213104,-0.4320269146735361,0.9081059597386859,0.39656522121230176,
138,6,19,0.0948774659033775,,-1.0,1.0,-0.057130691074580714,-0.23011003454208365,,0.4169931661343854,1.0,0.8976165425042444,-1.0,-0.49616930181857927,,,0.9999999999999999,-1.0,0.5031116455890426,-1.0,0.38567002737529593,0.5039472721831347,-0.3673774065404402
139,6,20,0.355712913294037,,-0.2261298556677889,,0.25031377098623864,,0.7857749019532958,-0.15638885525987942,1.0,0.22100476216665754,1.0,-0.13050685927733785,-1.0,0.2537686496881931,-1.0,1.0,0.7355480854195252,,1.0,,
140,6,21,0.5771330246535353,0.45611612794855794,0.5445539608385442,1.0,0.5222152028545279,,0.9954656199347942,0.5666865978492913,0.0010456052317528257,-0.017114143021219965,,-0.39028375150473366,0.7254437862110548,-0.6433041372205907,-1.0,-0.14851206745286574,0.4937570336026447,0.9249861539731508,0.5186886211510957,0.054168029696334066,0.6778478550554065
141,6,22,-0.12295154876006928,-0.07604921176691444,,,,,0.7177528868058118,0.4305087762725552,-0.051312071302348744,0.7500775463139713,,0.13114882628609187,0.08938224251356357,0.2095875270999419,-1.0,0.9046455655678609,0.11981622118929557,0.7884696110133911,-0.24674773858119378,1.0,
142,6,23,-0.7696962668260019,-0.9999999999999999,-1.0,-1.0,-0.8809246703307724,,-1.0,-1.0,-1.0,-0.5671792073812054,1.0,0.6413426651658247,0.5112604450579813,0.8517329232460639,,0.7026059444525128,0.3749372732059027,,-0.3739491855298466,,
143,6,24,0.2110819956070117,-0.0353320836734671,1.0,-0.7917438502160735,-0.36232865558117855,0.04224434508931142,-0.7808391973656525,-0.26849519963543494,0.06046779975658466,0.3783095777134124,0.05607739382986031,0.3460303408166566,-0.5302715216606473,0.3873341473714832,-1.0,-0.3388940396116812,0.2482730658374856,0.4323219912208222,-0.21036859962152868,-0.2795297256244039,0.8530763309082278
144,7,1,0.7537056597809462,,,0.9999999999999999,-1.0,,0.9937676342872547,0.40772545060483806,-0.5965303038631075,0.13916351538134705,,0.8948367763413464,1.0,0.6983728547049617,,0.3583643536846169,0.8800615025718672,1.0,0.2279604817378633,,
145,7,2,0.868359350368548,1.0,-1.0000000000000009,,0.8971910034016807,,-0.04131168262512163,-0.019390330391043258,-1.0,0.28934655766276324,1.0,0.8690497018296102,-0.2058868098364748,0.7999217713517535,1.0,0.2661405985567637,0.7889376283660167,-0.6049403470407423,0.5996760898762202,-1.0,1.0
146,7,3,0.5521947200069669,,,1.0,-0.9539659157055419,,,,1.0,-0.5321799706257935,,0.9999999999999998,0.9845665779141545,0.9202158238015362,,0.6355062241643572,0.6977375890875603,,0.5678198854034263,0.14050239181895838,
147,7,4,0.9050935771950959,1.0000000000000002,,1.0,,,0.5990528388704086,-0.9877374571229841,0.7146335284256712,-0.9267662955826554,,0.07677869594143434,0.053483751496383306,-0.1293831527923185,,0.4206419565908662,0.6408379851717889,,-0.1414677091357011,,
148,7,5,0.016847627427131744,-1.0000000000000002,,,1.0,,-1.0,-1.0000000000000002,1.0,-0.012425791404724572,1.0,0.9847992171595046,1.0,0.6725609402168049,1.0,-0.7573170894970083,0.06348457679374114,1.0000000000000002,-1.0,0.3284582304767086,
149,7,6,0.6403623924963407,0.7937943303090339,-0.4433585077200908,-1.0,0.46456273102842727,,0.6140812200706346,-0.09364270547619612,-0.4031427184268658,0.7833723934673459,,-0.06152297167177523,,-0.31891274757144367,,0.8331855326177947,0.504829802041822,,0.07697215723616482,,
150,7,7,0.7032400650975001,,0.649674473031586,-1.0,0.9295637042872078,,1.0,-0.19329544156426112,-1.0,0.10408891752408442,,0.8260046215027309,-0.8518484879591319,0.8455047704819465,,-0.13725150297140312,0.2132560691202167,0.9999999999999999,-0.3347604395852559,0.8387569150004078,-0.9999999999999998
151,7,8,0.7337401971443513,-0.9054763467467392,0.8798303931410459,-0.7004015393496034,0.21965141798824528,,-0.018579140488516385,0.03999878614066779,-0.8054284042155107,0.5361786332385582,0.7958383600141203,0.16472887808840356,-0.7435246239529004,-0.15611852819243574,-1.0,-0.31942701029996257,0.5971984026315335,,-0.5550838025105761,,
152,7,9,0.96438853214548,0.9632393294739997,-0.1085063326615311,1.0,0.8313981721490818,,-0.36024572417587797,-0.28888153649832377,1.0,0.7926372120931254,,0.6289580519557476,0.8058480576071015,0.5524763326623996,-1.0,0.6826122794133854,-0.11155731144980055,-0.38629372721888544,0.2991689643389394,-1.0,
153,7,10,0.5831764488598843,0.6463326031438892,-0.9545242794564937,1.0,0.8491626300857354,,0.969502272740814,-0.1911173315892797,0.18166347465855084,0.9655120504632901,,0.8624829886388059,-0.8989340083580121,0.9822657118803928,,0.9580075997928488,0.9886984543454189,,0.9784927959031794,,
154,7,11,0.19541875877916828,-0.7333564751215369,1.0,1.0,1.0,0.18516799884413193,-0.12385746780164202,0.6180710445365317,-0.9999999999999999,0.520603478772128,1.0,0.7469801021206421,1.0,0.6311661296986831,,-1.0,0.8123707319973801,,0.9999999999999999,1.0,
155,7,12,-1.0,0.9999999999999999,,,-1.0,,-1.0,,,0.31533196818856485,,-1.0,1.0,-0.03213342576099098,0.049672160277827566,0.896072235047669,-0.0672283814255185,0.9688145351696862,0.37694444591903076,0.9672408874431138,-0.05862231193369378
156,7,13,-0.09626288303502434,-1.0,-1.0000000000000002,1.0,-1.0000000000000002,,-0.2717797425078265,-0.1250192110165594,-0.6687113795620875,0.256847494943941,-0.8447531334264639,0.6746128050717408,0.39466361246219667,-0.22677530302058282,-0.14315643592113578,0.23223635057828892,0.8878863895124317,0.8177375394775437,-0.33348196049961104,0.6535212138542881,0.004872775864662452
157,7,14,0.40820247572355,,,,0.09686469345925103,-1.0,1.0,0.6695408654109629,1.0000000000000002,0.5418424080559402,-1.0,0.7688996839894905,0.18038494489233045,-1.0,,0.08426831623505388,0.9524906801732483,1.0,0.9999999999999998,,
158,7,15,0.49369784268104483,,,1.0,0.8875150137061315,,,,1.0000000000000002,0.6863445512548628,,,,-1.0,,0.6696094959614717,0.7416524715224885,,-0.43831476360658694,,
159,7,16,0.664368261379423,,,,0.786360185725172,,0.8435425845294521,0.9172184247947217,0.5280756127520746,0.8667686318142195,,0.6821681920435135,0.9999999999999999,0.5534740582373215,,0.8621659278655877,0.5066619350694259,,0.2441494019459527,1.0,
160,7,17,0.6949501635028971,-0.1209118035682761,,1.0,0.8123326627700004,,-0.3767087901622951,-1.0000000000000002,-1.0000000000000002,0.2881804945278102,,1.0,1.0,,,-0.891385841466068,1.0,,,-1.0000000000000002,
161,7,18,0.8485340978996468,,,0.9999999999999999,0.37404049914270565,,,,,0.9194198213896347,,-1.0,,,,,1.0,,,,
162,7,19,0.724600000357735,-0.9999999999999999,,,0.20232523053428728,,-0.421173522536694,1.0,,0.08082208958369877,-0.9999999999999991,0.5326891451751963,-1.0000000000000007,0.9973895556236715,,1.0,0.5238830174104684,,-1.0,-1.0,0.9999999999999999
163,7,20,0.7529568708941597,,,1.0,1.0,,,,1.0000000000000002,1.0,,1.0,,,,0.996439390171012,0.7169810516221109,,0.7154601649112137,-0.5069076918228936,
164,7,21,0.8322747714972055,,,-1.0,1.0,,,,1.0,0.42356987924413675,,-0.2538582839982867,-1.0,,,-1.0,0.09032708055911819,-1.0,,1.0,
165,7,22,0.7130914526206541,,-0.543307634406561,-0.9999999999999999,0.48441775326160563,-0.37244185197090024,,-0.3116933989798225,0.47308418077357456,0.8027316186853688,,,,,,-0.47855107598716107,0.5562824522623898,-1.0,0.5836780520118675,-0.8613214857842915,-1.0
166,7,23,0.4000126973070189,,,,-0.9370045674048827,,,,,-0.10427582692247292,,0.40983182005479196,-0.9792695468193348,-1.0,0.9684977787841037,0.284250202831168,-1.0,0.9999999999999999,0.9999999999999998,0.978513447611558,
167,7,24,0.7959593552599026,-0.9175040603632184,,0.9956002829488166,0.9994356691349079,1.0,0.2576536283814339,-0.8751571615698578,0.6976731566491313,-0.5064375122169301,,0.7798928013379615,0.1885299883055505,0.8620060263812808,1.0,0.042236932397111446,0.2800467369009604,0.9997945666659769,-0.4655476625477108,0.03871014770874891,0.9922325594438867
168,8,1,0.8183693533159645,0.8566357879121367,-0.5875946275851235,0.9987353716361069,0.6259965108770236,1.0000000000000002,0.5971998094945375,-0.0809610780046406,0.91552624855275,0.8220654555398313,1.0,0.5376992244687993,0.9787664804662441,0.9182033004076549,-1.0,-0.021747320322828653,0.6655442413467438,-1.0,0.7712304992942126,,1.0
169,8,2,0.49452414323264193,1.0,1.0,,0.5380684570706751,,-0.002475182664932995,0.3180814438290452,-0.58324210593953,0.7487123930345259,,0.9865113346475032,0.7507371854308007,0.014398989885393999,,-0.9470065942402646,0.057695608242788715,,-0.22876711230980307,,
170,8,3,0.8452043490406345,,,,-0.9999999999999999,,-1.0,-0.018632334058868355,1.0,-0.39323190430030674,,0.9598995109511601,,0.9965119381132698,1.0,-1.0000000000000004,0.5774720590584383,,1.0,-0.9999999999999999,
171,8,4,0.3823632884444698,1.0000000000000002,-1.0,,-0.5616599794197604,1.0,0.21918282620654356,-0.15045726946834723,1.0000000000000002,-0.060867352696575006,,0.4093201311773079,0.18440819251170104,-0.7080860957705859,1.0,0.7106927562840905,0.41292454319402244,1.0,0.030646230154682624,0.11733299516249743,
172,8,5,0.9135442214078732,1.0000000000000002,-0.9999999999999998,1.0,-0.2547174971769781,,,-0.9999999999999998,1.0,0.9612549353188684,,0.9028673241630808,0.5555296645806403,0.39916000370155913,,0.5131234341488174,0.700879749094153,,0.11898492774874249,1.0,
173,8,6,-0.999501309128099,,,-1.0,-0.9999999999999999,-1.0,0.20574666765652777,0.9999999999999999,0.9787604271729198,0.6255060994422642,,0.5002505179618112,-0.6832264432294723,-0.06569859274864707,,0.21275068524106883,-0.6671422563070417,0.8551332855238128,0.7637982100533836,,
174,8,7,1.0,,,,,,0.9999999999999999,-1.0,,0.9999999999999998,1.0,-0.2961583395518608,,-0.7779757770862599,0.26393297658002,,0.7507001243203262,-0.3045004074226959,,,0.4006821354180585
175,8,8,0.2176622102684617,-0.597033658728893,,,1.0,,0.8504437470973085,-0.2502995220412665,-0.9468555015116669,0.5464268451474815,1.0,0.21335462628157614,1.0,-0.4299014640839871,,-0.06091615641827477,0.3677167868088774,0.3447969782920583,-0.8107653961823179,-0.9999999999999999,-0.4338757678719821
176,8,9,0.12244840666058224,-0.30540028974447153,-1.0,-0.17693056686199293,-0.9017848178213104,,-0.8180751101000331,0.482588494955837,0.6562665006503322,0.49216056900420113,,0.5736398673681044,0.9256392874543555,0.020720036272376178,,0.764216924904903,0.8704070322795887,,0.881383751811948,-1.0,
177,8,10,-0.5529045521077841,-1.0,-1.0,0.10249346531183698,-0.06171400028856676,,0.7545328057797624,0.4046382772250116,0.09971575195941973,0.8218580171372168,-0.9327394515751645,-0.19333994415112563,1.0000000000000002,0.5336925788701744,,-0.5764099930397077,0.6893058517789529,,0.08692667494776589,-1.0000000000000002,-0.9929194457754323
178,8,11,0.026364168365080917,0.6413927180409523,-0.6839313763594023,0.08099550614632818,0.009498374327221297,,0.4220669855274267,0.3698126531269195,0.33188637740648613,0.6365333895424697,,-0.02366785680145686,0.23282560613179748,0.5224948210495798,0.6831780819132146,0.16017549654396468,0.6464762136757777,0.8360574806065588,0.5050416093379335,0.9079677148681314,0.3279014181355866
179,8,12,0.6550878697456003,-0.9411284881081985,-1.0,0.7307801281991181,0.5545281772903111,0.9718846735649103,-0.5893615535306375,-0.22728070618006466,0.5600386658767599,0.5426152765820715,1.0,-0.1944134847182469,0.0868289219170475,-0.638494141996876,1.0,-0.06972960281042896,0.7136187890269179,0.651117250535483,-0.05848044697605895,-0.010873913361241482,1.0
180,8,13,0.37241281894039685,0.4029963004863589,-1.0,,0.8863200532420691,-1.0,0.2694546811672925,0.7186648235658533,-0.24962503587720639,0.6482186778413493,-0.5453258398311156,0.1657197760039411,0.0709632505708116,-0.44276021090730555,-0.05982565478905153,0.9177100427348632,0.4064727415470801,0.5632722153900419,0.8065034954746798,0.2217442019165325,0.5699389153671246
181,8,14,0.4906466602508548,-0.6353334425313537,-1.0,,-0.34724115349505275,,0.1777544872371572,-0.5096475719963396,-0.563641852985937,0.48123845196249043,-0.796064364328268,0.15704947401424038,-0.41680845950137374,0.036354527818448834,0.7966427869389328,0.4249022040907477,0.3108416408357011,0.6891954233935427,0.4681620211102747,0.7208076957635261,0.35751552670537456
182,8,15,0.00048443988397252764,-0.7719208964736014,-0.9396844257796908,-0.6053682929529131,0.2466363804981556,,0.21314151171444426,0.6977445251656914,0.8720317216097785,0.8985587731416017,,0.67521880186098,0.25290192228477215,-0.175881332909749,,0.13621111243732623,0.6288169891369054,,-0.07234310004917467,,
183,8,16,0.5225287362962492,,,,-0.16705533002426728,-0.3057167204943677,,-1.0,,-0.0033758971084347847,-0.8062805687188203,0.29212199654633253,1.0,-0.34610211952766273,,,0.8339133962472524,,,,0.9999999999999999
184,8,17,-0.7634336302835089,,,-1.0,0.8730325929637252,-1.0,-1.0,,-0.8410973565320499,0.5890521288611891,,-0.16570705545928666,0.5901488075685418,-0.2834657042935789,,-0.18869103302279647,0.3480744852787504,,-0.15519763792192567,,
185,8,18,0.9484866512757809,,0.7544145297694848,0.8786012358489436,0.5301672460615243,0.9999999999999999,1.0,0.8263337868375518,-0.4524862036290384,0.5838129476137494,-1.0,0.3375115618516111,-0.746376060652053,1.0,,-0.1114719468691206,0.9621410258629443,-1.0,0.16108463304692583,-1.0,-1.0
186,8,19,0.38553445506067313,0.518291288189753,1.0,-1.0,0.24723162046691252,,0.11140844809434813,0.04248182942300689,0.40469490599962077,0.4276914830177352,,-0.1165697465540294,0.04807939867074622,0.025292081879622518,0.2109942317155764,-0.3595933717855969,0.4197513254584291,-0.9836867428486415,0.023132642984278706,-0.058951383165044786,-1.0
187,8,20,0.7156453883238957,-0.40576051171397953,0.9388020946967743,0.9999999999999998,0.9364217530772034,,-1.0,0.46338264828021664,0.9999999999999998,0.8250904224647789,,0.4512941121196185,-0.1810632623517416,0.7026710747538676,1.0,0.4332829589028145,0.8203445229942908,-0.786406930999819,0.5180018785587573,-0.5028705598976897,
188,8,21,0.7064325555286649,,0.9049402941193635,,0.9923585966513795,,,0.6111788006865135,-0.9999999999999999,0.8670693054135323,,0.7708254152901796,-0.21885477123650038,-0.7617963284907358,-1.0,0.49277195924196526,0.8330091824315456,-1.0000000000000002,0.9844278984069342,-1.0,
189,8,22,-0.020657520997180292,1.0,,,,-1.0,0.3094974891581254,-0.443422898380102,0.3823215037414443,0.7036676953239756,-1.0,-0.5239189924658351,0.11867535699413004,0.704358491802462,-1.0,0.7764506050016772,0.3149521685524509,-1.0,0.47482504960762034,-1.0,-1.0
190,8,23,0.031237681094237253,-0.9999999999999999,,,,,0.2870569307629163,1.0,,0.6665123567389373,,-1.0,,1.0,,,0.9528092371779704,,,,
191,8,24,0.2515921285972664,-1.0,,,0.991508379462603,1.0000000000000002,0.15030181262850859,0.5818930293615249,-0.5534589040718517,0.07479691711647515,0.37292481399493455,-0.28273392122975216,0.6586017499212605,-0.3097791026431702,,0.5349451637567503,0.5039209925105708,-1.0000000000000002,0.794157657826355,0.6216993962904659,-0.3424854508884524
192,9,1,0.18909031978451962,1.0,-0.9999999999999999,,-1.0,1.0,-0.9999999999999999,0.9999999999999999,,0.5890408516498774,0.8837521780380937,0.5492303424251327,0.9999999999999999,0.7881336144306357,1.0000000000000002,,0.0742377135405442,,,,0.9999999999999999
193,9,2,0.35588585514079857,-0.4686387781277839,,-0.4343089492371879,1.0,1.0,0.1990409617366808,,-0.9677812750632314,1.0,1.0,-1.0,1.0,-1.0,,,1.0,,,,
194,9,3,0.38062414961179364,0.8008088943483833,0.5572608938758057,-0.9999999999999998,0.34442528177833964,,0.9725404651293841,0.707363361918231,-1.0,0.2865427016892441,,0.8210330058701044,-0.9615283893468407,0.7613185592470815,,-0.9994809462751163,0.8331611655710707,,1.0000000000000002,,-1.0
195,9,4,0.4739262361435027,,-0.9999999999999999,,-0.5347309773645944,1.0,1.0,0.6672245632132604,,0.16389157525946402,,0.3102321510712337,,1.0,0.9262000785692409,0.8234481422060894,0.6789111968072389,0.5211646181937922,,1.0,1.0
196,9,5,0.35981863099597844,-0.13871313305023233,-1.0,,0.4345193532693148,,0.6752879519112079,0.9020771392395872,,0.6290576597866901,,0.9885684266500151,,-0.7916661126676985,,-1.0,0.8637795661232807,,,,
197,9,6,0.5471397900286712,,,,,,,,,-1.0,,1.0,,,,,-0.9598283002592158,-1.0,1.0,,
198,9,7,-0.11080474467644168,0.2941420131503532,-1.0,,-0.8267155781733817,-0.20425930808823425,-1.0,1.0,,0.9760710015990004,-1.0,-0.3460844173721779,-0.5085805746615556,-0.20249999319543804,,0.6747387742615935,0.078079639601608,,0.09461898744764491,1.0,
199,9,8,0.45279007350797945,-0.03877958271794452,-0.0298961836715794,0.3534114241144564,0.40737361807622,-0.11712453568909252,0.06802507376510826,0.532734294158444,0.4998105157651478,-0.057971436912332294,0.22003563083850639,-0.22868919385343264,0.9730879027754118,0.38492504226225943,,0.1516436180933095,0.7147152710810143,1.0,0.618771448723182,0.9331658116109836,0.9648539279919982
200,9,9,0.9635256449963417,,1.0000000000000002,-1.0,0.5914277865336134,,-0.51798383924031,-0.10192624650825212,0.2320169200995483,0.35349502373006675,,0.8133992545952703,-0.3199268781696677,0.2982030261316403,,-0.02027109063917301,0.7319692336174157,,0.2041321248641018,,
201,9,10,0.5931344440439508,,,0.500895602745519,0.8773629509504387,-0.9999999999999998,,0.9967949417654125,0.47500717938319215,0.9219658908249453,-0.9332411925024245,0.9149449939583909,-1.0,1.0,1.0000000000000002,0.4802993490514993,0.8663087593120726,1.0,0.26140689947800994,-0.9999999999999999,0.7877484846302582
202,9,11,-0.4056751250215699,-1.0,0.12907970784762762,0.6388213340211979,0.3263442507040292,,-1.0000000000000002,-0.11584183013628928,-0.1745342709360847,0.364057169382502,,-0.22504151801910421,-0.45923564856663784,0.671847402898799,,0.45142940054850317,0.525422980899933,,0.43207628115091673,,
203,9,12,0.7366251301082501,,0.25962045517155263,-0.23816114386097906,0.4320486645491616,1.0,1.0,0.10327473188082774,-0.2177882112343975,0.6414685832077952,1.0,-1.0000000000000002,-0.9943557281938648,0.9150695500527106,,0.37300504266414025,0.6008170067853038,0.9488269356397431,-0.6212643586916162,0.47768952343891247,0.8764922845260035
204,9,13,0.9957803041649422,-1.0,,,,,-1.0000000000000002,,,-0.22415553364288285,,-0.6151215889285216,0.8706658400020179,0.7727397764000572,,-0.4747822124729452,-0.07846546444540863,-1.0,0.6561596199344207,0.22220923995056818,-0.16941470803699632
205,9,14,0.6874672139787343,,,,1.0,,1.0,,,0.9898613599406406,,0.9995732271111905,-0.87660223197216,0.8934321959134469,,-0.27916686681382363,0.9068711158682548,,,-1.0000000000000002,
206,9,15,-0.4319398123168415,-0.9999999999999998,0.010034319088585418,,-0.41035434735547127,,1.0,0.5517741755943102,,0.7792130831077931,,0.8495960667333502,-0.10942297829363277,0.7595608699178104,,0.6701160566308583,0.7824893145972506,-1.0000000000000002,0.607881638218319,-0.7283843352904367,
207,9,16,-0.4818654939225832,-1.0,-1.0,,0.8374882658638569,,1.0,0.24919578692732042,-1.0000000000000002,0.47086816775766693,,-1.0000000000000002,,,,1.0,0.6050686285042612,,1.0,,
208,9,17,0.554711821306004,-1.0,0.9349386628432114,-0.12850056311794836,0.4733469036086968,,-0.954883782702224,0.5036071364489054,-0.4360670008920735,0.872731615961585,,-0.5852910158751973,0.04278677791674742,-0.8994336769174157,,0.2814448885611363,0.8074075865945585,0.34120947366874893,0.344221038163675,0.840183404828101,
209,9,18,0.013623072921598317,,-0.9883821966811662,-1.0,-0.045241164213927966,,-0.13951532668256036,0.0513341663253269,0.6847606677898521,0.6796656856663257,,0.9897099881474098,1.0,0.9856197304035482,0.5316808454424549,0.3843581487878244,0.8491858024042747,1.0,0.998295304020304,,1.0000000000000002
210,9,19,0.793958231279682,0.1530115255640805,0.6272844013264904,-1.0000000000000002,0.6790789672413882,,0.1099778326897733,0.2727748567829708,-1.0000000000000002,0.14690858968357243,,0.8040650523485431,0.4137706678078321,0.908089182037734,,-0.035825423984876203,0.9239772230464944,1.0,-0.11872923556910901,,
211,9,20,-0.9318816135177751,-0.9869661649244408,-1.0,,-1.0,,-0.6572222969254256,0.026782276680139327,1.0,0.6527305890050699,,0.40178581911755756,0.4753401692605052,0.06318728001732164,-1.0,0.9241804171692983,0.24038250357549862,-1.0,0.04771677767220952,,-1.0
212,9,21,0.47395784159337373,0.8318076154881411,-0.12506252731466033,-0.5965445368310363,0.24824615577219225,,0.7860598513160926,0.6040996193712945,0.35457710665833964,0.819973300315345,,0.821554060827831,0.8109039258433881,0.911812589982088,-1.0000000000000002,0.18904729691124758,-0.18445990061701337,1.0,0.358751550284031,,1.0000000000000002
213,9,22,0.5806351342211895,0.1263694545118451,0.8976384236453073,-1.0,-0.09799072457455792,,-0.43437868940330493,0.0892191241707136,0.0640388870324945,0.43397094277957016,-0.5371584537470087,0.07955845032610927,0.571255816624412,-0.05472117385316731,1.0000000000000002,0.383205592496783,0.3857500564647483,0.848835336812279,-0.16040427662193224,-1.0,0.29416225612534175
214,9,23,0.29609282287673194,-1.0,-0.027228221171516208,,0.36335979483836883,,-0.26863445779054607,-0.34012876908983797,,-0.13557807324197985,,0.23386337177610603,-0.15762584497349075,0.32808336714182607,-1.0,0.9297295270400842,0.6379597329711415,1.0,-0.9946395988397068,0.9999899543781665,
215,9,24,0.14656669599253547,-0.9441974584221469,-1.0,,-0.7683393817757685,,-0.18354344351993673,0.3100769380152243,0.22915938663719226,0.6646203955263698,,0.5866304649719879,-0.7795924351287097,0.22327909010148875,-0.9999999999999999,0.2276236536866331,0.6456831474264509,-1.0,-0.1203324607951633,0.7982730966731362,0.9999999999999999
216,10,1,0.9136895956121285,-1.0,1.0,-0.07690733469418362,0.8069989201397637,,-1.0000000000000002,0.797269515353043,0.9012242550919971,0.9585538261641002,,0.040337079822300004,0.06641476462380208,0.19795379181867961,,0.8902786769243046,0.7095783268312,-1.0,0.5148538795363191,1.0,1.0
217,10,2,0.05624732864027436,-0.11201583000157508,-0.8454726379807994,0.6489858179158116,0.016836736780805012,,0.8800512057484926,0.6778996405887587,-1.0,0.8210581328414943,,-0.8693824690846127,0.004568041836215804,0.6187135083164336,,-0.8939802037358494,0.2105609005632399,,0.1812281637750795,,
218,10,3,0.772572692719224,-0.19907799548538527,0.045895447305052274,1.0000000000000002,0.47873278467713765,,-0.8745053018640061,0.3860221714907065,0.014058582801344626,0.8348365780994378,1.0,0.2781636799779024,-0.03642348334831187,-0.07415706293731582,,-0.285898746162866,0.4527863812998165,0.3773332237493937,0.10483470546553512,0.9425953008081732,0.5634604147201684
219,10,4,0.9471734630243985,,0.6232585767684582,0.7937158020912092,0.8539073250526353,-1.0,,0.5856446370690557,0.7181345537604281,0.931764789634565,-1.0,0.8783108535284303,0.6373452228318522,1.0,,0.7257975290409294,0.7196136670936356,0.0983968299406768,0.7647322659129789,0.9629701368904995,0.8312391739109994
220,10,5,-0.1769287121662063,-0.708062342497951,-0.6729397261388733,-0.6440857929301816,-0.6195201500294032,1.0,0.6944618673602565,0.3476315857946027,-0.1166923087252299,0.698107000716019,1.0,-0.630101499158682,-0.08306263742341552,-0.2221829150801462,1.0,0.4424201625026307,0.8877533172447966,0.9406995520489178,0.24962996901498727,0.8210469583863778,0.9999999999999998
221,10,6,0.32780294624968864,-1.0,,,1.0,,-0.5458028938060688,0.9159048723799523,0.933004830927347,0.9327665329176813,,0.014647515163583,1.0,-0.529618818705208,,0.35080393647194835,0.7240541894721108,,0.7522132518741992,,
222,10,7,1.0000000000000002,,,,,,1.0,0.40039564451712806,-1.0,0.770875597018797,,0.9715939718414006,,-0.8050807431210267,,-0.769956614874748,0.6303339029377641,-1.0,-0.976611954113261,1.0,
223,10,8,-0.9748495730865083,,,,-1.0,,-0.9999999999999998,0.5420781621473538,,0.8222174541638567,0.9999999999999998,-0.6914949989771708,0.45501477037021076,-0.9998557098858837,-1.0,0.7807994372171879,0.799234560923065,1.0,1.0,,1.0
224,10,9,0.7389014833584926,-1.0,1.0,,0.4267010455733793,,0.7921772608237339,0.36054803031220917,0.8256541640601296,0.6859923694669792,,0.10017447126526907,0.053880805563623596,0.4723015064435866,,0.8593168516894238,0.7853793876936219,,0.6414348233162488,-1.0000000000000002,
225,10,10,0.18285840641007328,-1.0,1.0,,0.4267250268598698,,-1.0,0.3324795056387955,-1.0,0.6415555379874909,,0.5840129386638195,0.9996357406597417,0.22394604069350074,,0.3293561980327612,0.5911372842577374,,0.33755174041034636,,
226,10,11,-0.37397610386230706,,,1.0000000000000002,0.9999999999999724,-1.0,,,-1.0,0.9999999999999725,1.0,1.0,,,,1.0,0.37767742007185245,,-0.5581928252411722,,
227,10,12,0.5190434768244041,,-0.17181889247566046,-0.38267520229417984,0.27354534360378435,-0.9217885063017783,0.31515205300650867,-0.3496577569205721,-0.46944474062483305,0.5528289483626231,-0.6046879552283891,0.279633686822157,-0.32178418500041805,-0.29476188520556645,,0.44110429953480756,0.1773299599325435,0.47908137317871824,0.4212404970251756,-0.23638674712359176,-0.16368100195636265
228,10,13,0.501367097441057,-1.0,,,,,0.9971739903990324,-0.9974392958939754,-1.0,0.15993312458721592,,-0.8355315879956978,-1.0,-0.8761594452485156,,0.5727954704385959,0.5223781141817883,-1.0,-0.03392634040179465,-1.0,-1.0
229,10,14,0.6174610899534506,,0.7961209601177396,-1.0,0.9785045081648838,,0.4840425819727858,0.7435328959231112,0.15132786365192247,0.39783468935513705,,0.36315585683043655,0.2587739063480668,0.05574761187944871,0.9054961579102955,0.5316637614357337,0.8641845510495624,0.9999999999999999,0.48745065116375486,-1.0,0.9999999999999999
230,10,15,0.68583330982131,-1.0,-1.0000000000000002,,0.7395781449291077,-0.9999999999999999,0.969105561528897,-0.06511110148054057,,0.5172841771024822,0.39031786581027017,0.24008021478877606,,0.5055486384753489,,,0.7056783471346206,1.0,,,-1.0
231,10,16,0.3926379955838017,0.19108273863245068,-1.0,,0.25489101112812,,-0.9790719790857094,-0.09275993410238581,-1.0,0.35046820047088695,1.0,0.1620587138741211,,0.2631717325685165,1.0,0.28568536662654587,0.5804207558056932,0.6759029276306678,-0.010858095337482845,,0.19255222646203823
232,10,17,0.3985033448467022,0.5954595852435266,-0.2339056710094035,0.9880918407544148,0.03602941249239616,,0.12914713635284156,0.7659652869330418,0.6649650718475794,0.7912697901246885,,0.13689932105523386,0.5974805305967026,0.19135504779124948,-1.0,-0.03289761180498182,0.8514882705766486,-0.9728690715321557,-0.22233124669771814,0.6500087346650949,-1.0
233,10,18,0.7008270857280737,,-1.0000000000000002,,1.0000000000000002,,-0.8515051975495538,-0.9690417584843217,0.9999999999999998,0.9759007404862402,,0.5288095634532447,-0.06160209322755745,0.21959076894141624,1.0,0.17383492362444594,0.7155377258079488,-1.0,0.22379340475702472,-0.21891714916987723,-1.0
234,10,19,0.8196890349976099,,,,-0.20576997988313614,,-0.15233339120602074,0.8149707301262475,0.14691711124716705,0.22688104689118876,,-0.9140022602547483,0.21694506799083832,-0.060491291718563156,-0.9999999999999999,0.5663046681369559,0.765492815582332,-1.0,-0.19050202488430518,-0.9855696530536009,0.9999999999999981
235,10,20,0.6068306122365131,-1.0,,,0.9616811797035001,-0.3936080534827829,-0.9697837838395897,1.0,-0.7183554991236853,-0.26278481566067824,-0.6651092552768514,0.14236815772039135,0.9355274425991125,-0.12859011975985124,0.3516877926326768,-0.10222520316447209,-0.3306328174731655,,-0.041098659425976826,-0.8892643587298593,-0.9999999999999999
236,10,21,0.49298598151158624,-0.5707775448838157,1.0,-1.0,0.23512542373087905,1.0,0.7308389181921608,0.462207316178762,-0.5597959225397827,0.49373155700516785,1.0,0.9999999999999999,1.0,1.0,,0.3765969443097635,0.8571370660538349,0.9198632738413183,0.5963610882867062,1.0000000000000002,
237,10,22,0.3951728764822075,-0.7157355360533456,-0.6071841356624762,0.9316728907448594,-0.7793376294685685,1.0000000000000002,-0.4053937591156146,0.5846360792695259,0.6814069550646947,-0.38307751236829546,,0.9313776372409874,,0.8383121472925384,,-0.8030724074725365,0.5032341154158602,,-1.0000000000000002,,
238,10,23,0.8688552889188298,,,,,,,,,-1.0,,-0.12939619316904988,-1.0,,1.0,0.8800538791742044,0.026327381037774968,-0.3601380391741587,-1.0,0.6954495919641321,-0.3404303761133593
239,10,24,0.19522539330451905,-0.4726174653261099,,,-0.8453208519415535,,0.5091450244988751,0.7214963282214308,1.0,0.010883743596059424,,0.7072706898562618,,,1.0000000000000002,-0.4899898540926663,0.9776442836834293,1.0000000000000002,0.5796753206048091,0.9168447199952268,-1.0
240,11,1,0.6192834284168217,1.0,,-0.9998402287107262,1.0,,,,,-1.0,,-0.47732811986590584,-1.0,,,,0.9999999999999999,,,,
241,11,2,0.4640997512850245,,,-1.0,1.0,,0.006562758897240162,0.7454041820407707,-0.8546765244966816,0.7086523423651326,,0.011053439620406003,0.9079152274211816,0.18278560183222506,1.0000000000000002,0.7001102240010588,0.7971704831407549,-1.0000000000000002,0.4092177764872402,1.0,
242,11,3,0.9273017940231792,,,,,,-1.0,-0.9290651660745591,,-0.027658580120824283,,0.9026360006743795,,0.2257822987364297,,-0.3126709534652438,0.8201000462671387,0.9999999999999999,-0.8102211457888036,-0.9999999999999998,
243,11,4,-0.3061535145860497,,,-1.0,-0.787197028480497,,1.0,-0.21660472685902246,1.0,0.5953318590039174,,0.734572961717604,0.23084243834926285,0.7799369077909827,,0.820529919516965,0.5159629433171922,,0.0009203147359180871,,-1.0
244,11,5,0.25715623713378616,0.18272932302473469,-0.6135987054331706,-0.7429927249634174,-0.5936856869733387,,0.5717902151013968,-0.6133663674576884,-0.9086087905983568,0.32953485507374675,,0.723445923959108,0.991915262082549,-0.9221779187214432,,0.7332090749662762,0.48215664964128085,0.1810893758720579,0.09404280825734294,-1.0,
245,11,6,0.6948493310991223,0.2804763144995298,0.23068981990785561,1.0,0.7335089684789518,,0.6314859280089129,0.5068615164657382,0.7945985158464898,0.2670822354798078,,0.04857003546083027,-0.4587364148024437,-0.09137343598212938,1.0,0.5320173597122154,0.6001819972692632,-0.34096013832871425,0.36149793402994257,0.005419515100600689,-1.0
246,11,7,0.9427515292336743,,1.0,-0.9999999999999998,0.8399910982811171,,1.0,0.6368885443825981,0.020661219155167273,0.9123225340961367,,0.2678160206796537,0.5096140192234511,1.0,,-0.5115573275018304,0.8740423007477444,,-0.7340873234709671,1.0,
247,11,8,0.8126947791207156,-1.0000000000000002,1.0000000000000002,-1.0,0.5478611788126091,,-1.0,0.9218661486190592,0.3539145734482662,0.9143440538472543,,0.16426947333964814,0.24382477557021046,-0.2051788519346048,,0.7171476173648215,0.6493150300616868,-1.0,0.43807871757973976,-1.0,
248,11,9,-0.5584650511830832,1.0,,,-0.822996496919256,,-0.29170600970779625,-0.31279044684225815,,0.4286907330789183,,0.9212650820540697,-0.5968909665012424,0.7461153722583931,,-0.864305287841969,0.45137832394451766,-1.0,-1.0,-1.0,
249,11,10,0.5717182943591386,-0.7694355066334423,,0.9999999999999999,-0.9538893146604148,,-0.3797195217683588,0.9999999999999998,-0.25714434283520526,-0.19720066197090183,,0.30025673925807833,-0.5834785869368849,0.1876219327313403,-1.0,0.529725795813227,0.7996044719845121,1.0000000000000002,0.25087035140191544,-0.5365492857008788,
250,11,11,0.744176312806991,0.8655106017153532,,-1.0,0.46524572273064413,,0.4066897097651861,1.0,-0.9999999999999999,0.6500343242523122,,0.6151006584067674,-0.9999999999999998,0.346935807544417,1.0,-1.0,0.36907547910294963,1.0,-1.0000000000000002,,
251,11,12,0.9842368446042578,,,,-0.9999999999999999,,,-1.0,,-0.5294121622836461,,,,,,,0.9751653060765395,,1.0,,
252,11,13,-0.11466233391599791,0.5818765886368338,-0.575340400312735,,-0.39575804274610643,-0.5777090653175784,-0.45217759627911885,0.08174575865574053,,0.6070186275636947,,-0.5832844012742276,-0.7733724703073199,-0.35133814310258027,1.0,0.550341333237287,0.5228402935538665,0.30365004419302005,-0.5724820576858766,0.7693232113430425,0.9999999999999998
253,11,14,0.6854003278184293,1.0,0.34545915889682205,0.1564743271356003,0.07475194221801255,1.0000000000000002,-0.9840317453828,0.31854245684695975,0.5870280047405767,0.2611682385893445,1.0,-0.6609476064651973,-0.4443137031375098,-0.5906593550666752,-0.9999999999999998,0.7259537965660985,0.707739202692196,1.0,0.5162522219037007,-1.0,1.0
254,11,15,-0.05006049542145913,-0.8803605490255572,-1.0,-1.0,-0.7845981753390175,,-0.22681151470346156,-0.5426673791512947,0.7158543689091837,0.24468596786861319,,0.8717674955416567,0.6283548595895376,0.5122634772976445,-0.35208218230845884,0.5092195193088215,0.4422038736690685,-0.8071904636915643,0.20503672101745862,0.9411414923336121,1.0
255,11,16,0.7679126184066634,-0.5627074212806241,-0.9999999999999999,,1.0,-1.0,-1.0,-0.6314562610180122,,-0.7688818606334393,-1.0,-0.4943912045982059,,-1.0000000000000002,,0.486910110548764,0.3390152920482187,-1.0,,1.0,
256,11,17,0.4979812965397365,,,,-0.6990030045973079,-1.0,1.0000000000000002,0.7235446561389168,1.0,0.0785383160006246,-1.0,0.9284176138835608,,-0.9640779919689711,-0.999686618683899,,0.9733670992329093,-1.0,1.0000000000000002,,
257,11,18,0.8482085796532288,,-1.0,,0.2123477943083372,,,-0.07581811190319211,,0.5440114350539451,,-0.2789424881900279,0.9913587794315801,0.320607104829594,,-0.2658617463163471,0.07229110805928254,-1.0,0.27607090596857436,,
258,11,19,0.4303312761225084,,,-1.0,0.5285188762356019,,1.0,-0.9961905891566546,-0.8843510198867631,0.277451123983,-1.0,0.950024223375825,-0.5256484973791442,0.8476367849037962,1.0,-0.23548903973725954,0.6904182983788958,-1.0,-0.593246853585176,0.7456900415193738,-1.0
259,11,20,0.06725264798490639,-1.0000000000000002,-1.0,-0.9974194553724026,-0.6031607960636189,,-0.18327846257937205,0.8868034803854585,-0.5129709888852292,0.5253002320938551,,0.5003820524847007,0.637374220935105,0.2014528140636386,,0.6163111137256372,0.9492320302271623,-1.0,-0.9870455540010385,0.6605968138182967,
260,11,21,0.709175530103134,1.0,0.6684477443672984,-1.0,-0.167346057352781,,0.9651124656738717,0.8070195465301255,-0.6442208142231323,0.6700726760210829,,0.20376666743607377,0.3797892403063924,-0.2655147573522081,-0.8302715639221057,-0.0565590912540125,0.6860009242423679,-0.6038978373753993,-0.7169223245647804,0.03006618083367198,1.0
261,11,22,0.6703254314385172,-0.6428525932378896,-0.9999999999999992,1.0,0.9044289749170386,,0.021200197310573647,0.9860063443879701,1.0,0.9960801922769993,,0.8138755232137574,-0.280468799787613,0.06517253122017358,,0.34415129550287943,0.8673988223182608,,-1.0,,
262,11,23,0.6413119861761716,0.49880682310540647,-0.8942339260315316,-1.0,-0.7231342387509103,,-0.5743822928026092,-0.09782167590294859,-0.6021605075706745,0.5767412108445056,,0.23039051401742494,0.6052285106630498,0.1371746653210701,,0.5557975226092168,0.014301976716263931,,-0.5354257205545812,0.34452121963621307,
263,11,24,0.2687777725142377,-0.702830311240216,,-0.5644877109322217,1.0,,0.3996715505028857,1.0,-0.6011662979580017,0.5364850447252634,,0.389891039621034,0.6612037263561554,-0.9999999999999999,,0.1602821686902807,0.9382625746019816,,0.7922891844831895,1.0000000000000002,
264,12,1,0.912207580030125,0.7012424376564256,-0.4086975260336676,1.0,-0.5432432761997068,,0.8793805337865831,0.748465466566853,-1.0,0.28825552732195037,,0.35510643522586927,-0.5312344238619353,0.9205802829466541,0.5859073221755227,0.7101021982359165,0.7512461475657525,-1.0,0.3978473238458379,,
265,12,2,0.0223822990352465,,,,1.0,,,,,0.9999999999999998,,,,,,-0.9999999999999998,1.0,0.20027964299890177,,-1.0000000000000002,
266,12,3,0.968374546251186,,,0.9999999999999999,-0.9156857668876859,,-1.0,-1.0,-0.3241800776112947,0.037271639212721586,,1.0,0.7968934190345324,-0.22084641139195157,-0.3316689446042589,0.7428783582092355,0.7392352545091045,-0.9014058524367371,-0.6651313480312211,0.07128863569213637,-1.0000000000000002
267,12,4,-0.09004713744359286,1.0,1.0,-1.0000000000000002,-0.7881620591601673,1.0,0.21576309018812234,-0.1763603815284254,-0.1913607099519092,0.3764114095935199,0.5338759067927147,0.9025231070728453,-0.9818176730018752,0.7738152029759012,,-0.3299876614169203,0.7186933465651126,-1.0,0.44902452259605996,-0.6247723657422508,-0.18697065210430028
268,12,5,0.2537898600690051,-0.3007090105310066,-0.17473318591975576,-1.0,-0.6271984331509102,0.8710133764689999,0.13122646801107396,0.47312809847969467,-0.5140057522378237,0.028757879185931968,0.8017765875614841,0.8029446505505188,0.813969952197936,0.24965907204884535,,0.10009599772683996,0.6855623076056737,,-0.725438454015658,-1.0,-1.0
269,12,6,0.6162317988988132,,,,-0.6385828115046701,,1.0,0.9983318428506008,-1.0,0.4802185596662355,,0.6094598090054744,0.0754848219086948,0.189661909576838,1.0,-0.6328291783866444,0.15157722039687402,,0.8577740127765782,,0.9999999999999999
270,12,7,0.6400155890469253,,,-0.5741778288897904,-0.28912367965937535,,1.0,0.9767927315737394,0.49816418603145984,0.6362999057605695,,-0.6948788222655415,-1.0,0.9193718980640058,,0.9402071815325658,0.27566869916861375,,-0.29244173924733924,1.0,-1.0
271,12,8,0.038035426014927445,0.34299742054605176,-0.9999999999999999,0.9999999999999998,-0.14872108247458646,,,-1.0,,-0.06877815128544715,,0.7008964843286918,0.6914274519955956,-1.0,,0.6778594188525671,0.5021369611273049,-0.9999999999999996,0.8558100124016729,0.8258191498220425,0.9999999999999997
272,12,9,0.6819088360757946,,,1.0,1.0000000000000002,,-0.9597281382983838,-0.5771487014746298,0.639576249173825,-0.055079678229418096,1.0,-0.35689019550579293,0.23470590523133944,-0.2722874125866095,,0.7010296190570081,0.8335561362604,1.0,0.9485551907627672,-0.809360548781219,1.0000000000000002
273,12,10,0.423887263068298,1.0,,-1.0,0.2496304561533149,-1.0,-0.26319464740400456,0.47079037722372696,0.02443939362409336,0.6271461840123199,-1.0,-0.3618504072615323,0.025176848010720548,-0.08502419766261757,-1.0,0.19320947214349005,0.9574146179075586,-1.0,-0.34537280071542575,-0.9730083747617118,-0.88954814002651
274,12,11,0.5350776413348627,,,0.8486997274203892,-0.023903661333866295,,0.8208332059833835,-0.5271131073074757,0.025281246752642945,-0.2744882026971528,,0.16177816295575365,-0.8472422270861145,-0.1052844645910671,,-0.31107833223143067,0.5757675201763899,,-0.5779206233708744,,
275,12,12,0.9214452486916934,0.9985706490238437,,,,,0.9384121106406923,,1.0000000000000002,0.9538686870427185,1.0000000000000002,-0.5083292075812677,-0.4701178101043409,-0.2166218632745763,,-0.1618041736007181,0.9349337538213239,,-0.8170889563656211,,-1.0000000000000002
276,12,13,0.7677434967333452,1.0,,,,,1.0,,-1.0000000000000002,0.7507617790606164,,,-0.9966561877618748,,,1.0,0.9900897842637167,,0.8492538586720252,0.44000904770288013,1.0
277,12,14,0.8194534592151392,,,,1.0,,,,,0.522565475391035,,,,,,,0.9695935641888441,,,1.0,
278,12,15,0.9790480413237581,,,,-0.13679584106458742,,,-0.7453340382853114,-1.0000000000000002,-0.3245062341198569,,,,-0.9999999999999999,,0.1031587434247274,0.5031879605823973,,-0.4454644466047088,,
279,12,16,0.5473511892980245,,,,-0.9645399758516079,,-1.0,0.3499128495272649,-0.9999999999999999,0.49564868809838686,,-0.10101819708474949,-0.3173240241199398,-0.16801679034938335,-1.0,0.8044591221123495,0.48056167941980443,0.9999999999999999,0.6820341101480981,0.9954953768417011,0.9999999999999999
280,12,17,0.9345974100600115,0.9999999999999997,0.9999999999999998,,0.9917612719800577,,0.024335806395293192,0.9629533676709227,1.0,0.2845177236644545,,0.6094644527371355,-0.12934775935914355,0.9098375672148742,1.0,0.7045003361432204,0.8813347821281036,-0.4315829855086586,-1.0,,
281,12,18,0.5951546808589103,0.09589109297684291,0.9999999999999999,0.05806593331336239,0.5378382465786639,,-0.011549537506595275,0.7442750643158852,0.17566978912497613,0.4987523759769225,,-0.9668375013263854,0.45164648138962166,0.2275879831296259,1.0,-0.43418140262280175,0.946179811418342,,0.3233249318448374,-0.9362148210457367,
282,12,19,0.8990179212509422,,,,-0.2184527240062461,-0.9999999999999999,1.0,1.0000000000000002,0.9786827059595338,0.6000036489400917,,0.771553054501553,1.0000000000000002,,,0.6034371236412495,0.947207648186302,1.0000000000000002,0.8094640034198447,1.0,1.0
283,12,20,0.7390284774309689,-0.8798146991936305,0.9964929124258751,0.013282038801684624,0.9275373828678191,,-0.044919895250201555,0.3876384308505135,0.23996920735868751,0.885111753637232,,-0.16042709061474208,-1.0000000000000002,0.002812642035059659,1.0,-0.8709724577980983,0.08795285836586735,,0.14831264380279915,,
284,12,21,0.6518166398190096,,-0.22356552305258265,1.0,0.005797112305853801,-1.0,-1.0,-0.1194655297295333,-0.2749363336163275,0.6270297593666159,1.0,1.0,,,,-0.4997643442217162,0.32670899225405314,,-0.5786294632076674,,1.0
285,12,22,,,,,,,1.0,-0.7170775506742033,1.0000000000000002,0.20692478420800164,-1.0,0.3991938048292947,0.4883491725335985,-0.3376585486151385,,0.9553631803447313,-0.03437652468235823,1.0,-0.9567194678725205,0.3095121944837336,
286,12,23,0.549223946343213,1.0,,,-1.0,,1.0,1.0,-0.9798221331554436,-0.30109340704756726,,0.2400311131415511,1.0,1.0,,0.8394300119458888,0.4617825274279005,-1.0,-0.9850217038927472,0.9999999999999999,1.0
287,12,24,0.882018963396674,0.7795866546570795,,1.0000000000000002,0.5938925996504356,,0.6340531954486838,-0.38555478779121366,-0.33242853056759536,0.6813089181532405,-0.9999999999999998,0.547897967924589,0.7784125555555708,1.0,1.0,1.0,0.6648862756398405,,-1.0,,
